medical_term,label,count,is_side_effect,term_length,term_total_frequency
aches,0 (No Effect),7,0,5,157
aches,1 (Side Effect),150,1,5,157
amitriptyline,0 (No Effect),47,0,13,47
blisters,0 (No Effect),72,0,8,107
blisters,1 (Side Effect),35,1,8,107
cancer,0 (No Effect),49,0,6,55
cancer,1 (Side Effect),6,1,6,55
chickenpox,0 (No Effect),177,0,10,254
chickenpox,1 (Side Effect),77,1,10,254
chills,0 (No Effect),5,0,6,90
chills,1 (Side Effect),85,1,6,90
fatigue,0 (No Effect),30,0,7,230
fatigue,1 (Side Effect),200,1,7,230
fever,0 (No Effect),28,0,5,258
fever,1 (Side Effect),230,1,5,258
gabapentin,0 (No Effect),35,0,10,47
gabapentin,1 (Side Effect),12,1,10,47
headache,0 (No Effect),29,0,8,153
headache,1 (Side Effect),124,1,8,153
infection,0 (No Effect),60,0,9,110
infection,1 (Side Effect),50,1,9,110
itching,0 (No Effect),38,0,7,98
itching,1 (Side Effect),60,1,7,98
itchy,0 (No Effect),62,0,5,117
itchy,1 (Side Effect),55,1,5,117
pain,0 (No Effect),462,0,4,900
pain,1 (Side Effect),438,1,4,900
pneumonia,0 (No Effect),23,0,9,128
pneumonia,1 (Side Effect),105,1,9,128
rash,0 (No Effect),324,0,4,617
rash,1 (Side Effect),293,1,4,617
shingles,0 (No Effect),1623,0,8,2841
shingles,1 (Side Effect),1218,1,8,2841
sore,0 (No Effect),28,0,4,204
sore,1 (Side Effect),176,1,4,204
swelling,0 (No Effect),7,0,8,73
swelling,1 (Side Effect),66,1,8,73
tetanus,0 (No Effect),20,0,7,94
tetanus,1 (Side Effect),74,1,7,94
valtrex,0 (No Effect),64,0,7,79
valtrex,1 (Side Effect),15,1,7,79
varicella,0 (No Effect),183,0,9,233
varicella,1 (Side Effect),50,1,9,233
